{"cameraMode":{"drawMode":0,"name":"Shaded","section":"Shading Mode"},"sceneLighting":false,"audioPlay":false,"sceneViewState":{"showFog":true,"showMaterialUpdate":false,"showSkybox":true,"showFlares":true,"showImageEffects":true,"showParticleSystems":true},"in2DMode":false,"pivot":{"x":790.6700439453125,"y":552.250244140625,"z":5.67236328125},"rotation":{"x":-0.012308386154472828,"y":-0.012901267036795617,"z":0.0001587060687597841,"w":-0.9998428821563721},"size":1091.6497802734375,"orthographic":false}